Date,Open,High,Low,Close,Volume,Dividends,Stock Splits,thscode,thsname_cn,thsname_en,currency
2024-06-11T04:00:00.000Z,134.3774548271,134.9037619744,130.8621037143,134.129196167,14125000,0.0,0.0,MU,美光科技,"Micron Technology, Inc.",USD
2024-06-12T04:00:00.000Z,137.5451897665,140.7229119796,135.8768992419,139.7695922852,16973600,0.0,0.0,MU,美光科技,"Micron Technology, Inc.",USD
2024-06-13T04:00:00.000Z,141.7953914542,143.2154386871,139.2830153483,142.1429595947,16312900,0.0,0.0,MU,美光科技,"Micron Technology, Inc.",USD
2024-06-14T04:00:00.000Z,140.8122732298,141.4974693526,138.6772402954,140.3753356934,14028500,0.0,0.0,MU,美光科技,"Micron Technology, Inc.",USD
2024-06-17T04:00:00.000Z,144.5659653283,147.7138828968,141.1499242003,146.8002929688,23909000,0.0,0.0,MU,美光科技,"Micron Technology, Inc.",USD
2024-06-18T04:00:00.000Z,150.6830385124,156.4426256506,150.4546297009,152.3811187744,42192600,0.0,0.0,MU,美光科技,"Micron Technology, Inc.",USD
2024-06-20T04:00:00.000Z,155.9163320781,156.3135549459,141.9145555558,143.1856384277,41285000,0.0,0.0,MU,美光科技,"Micron Technology, Inc.",USD
2024-06-21T04:00:00.000Z,136.6911740818,141.6067063034,134.7547601034,138.5680084229,49893500,0.0,0.0,MU,美光科技,"Micron Technology, Inc.",USD
2024-06-24T04:00:00.000Z,141.4478180377,141.8351008358,136.9295086253,138.0417022705,32410100,0.0,0.0,MU,美光科技,"Micron Technology, Inc.",USD
2024-06-25T04:00:00.000Z,139.094364967,140.1469792283,136.7905174008,140.1370391846,31160600,0.0,0.0,MU,美光科技,"Micron Technology, Inc.",USD
2024-06-26T04:00:00.000Z,142.0436491355,143.0664886175,138.5680283629,141.3683929443,55490300,0.0,0.0,MU,美光科技,"Micron Technology, Inc.",USD
2024-06-27T04:00:00.000Z,134.8441606868,136.4330220963,130.1669762402,131.3089599609,68172700,0.0,0.0,MU,美光科技,"Micron Technology, Inc.",USD
2024-06-28T04:00:00.000Z,131.8948381875,134.4767185733,129.8392496766,130.6138153076,38140600,0.0,0.0,MU,美光科技,"Micron Technology, Inc.",USD
2024-07-01T04:00:00.000Z,129.5910128381,131.1600092946,126.3835078074,130.6039123535,24749000,0.0,0.0,MU,美光科技,"Micron Technology, Inc.",USD
2024-07-02T04:00:00.000Z,129.0051325912,131.7856325893,128.5185401669,131.6664581299,20776000,0.0,0.0,MU,美光科技,"Micron Technology, Inc.",USD
2024-07-03T04:00:00.000Z,131.7359471365,135.866973877,131.5075383147,135.866973877,14507100,0.0,0.0,MU,美光科技,"Micron Technology, Inc.",USD
2024-07-05T04:00:00.000Z,135.8669751804,136.1748134229,129.9981381836,130.6833343506,30104600,0.0,0.0,MU,美光科技,"Micron Technology, Inc.",USD
2024-07-08T04:00:00.000Z,130.4895365196,132.4574756553,129.2968557853,129.8932037354,20500700,0.115,0.0,MU,美光科技,"Micron Technology, Inc.",USD
2024-07-09T04:00:00.000Z,130.9467049498,134.3856156009,130.0820142938,130.340423584,21850900,0.0,0.0,MU,美光科技,"Micron Technology, Inc.",USD
2024-07-10T04:00:00.000Z,132.2884769038,135.6677405659,131.8909066599,135.5584106445,22460200,0.0,0.0,MU,美光科技,"Micron Technology, Inc.",USD
2024-07-11T04:00:00.000Z,135.5286199023,135.5981852293,129.2769764186,129.4359893799,25401500,0.0,0.0,MU,美光科技,"Micron Technology, Inc.",USD
2024-07-12T04:00:00.000Z,130.94670481,133.6103572564,129.922986054,132.7357330322,20726900,0.0,0.0,MU,美光科技,"Micron Technology, Inc.",USD
2024-07-15T04:00:00.000Z,133.0935405601,134.5247631581,129.2371924671,130.0720672607,20416000,0.0,0.0,MU,美光科技,"Micron Technology, Inc.",USD
2024-07-16T04:00:00.000Z,129.6248283751,130.1714780622,126.4642165089,126.7126922607,21312600,0.0,0.0,MU,美光科技,"Micron Technology, Inc.",USD
2024-07-17T04:00:00.000Z,121.8326389562,122.2798923002,118.5030652206,118.7714157104,31414100,0.0,0.0,MU,美光科技,"Micron Technology, Inc.",USD
2024-07-18T04:00:00.000Z,119.7653090999,120.8983578906,113.3943873578,116.7339019775,30404900,0.0,0.0,MU,美光科技,"Micron Technology, Inc.",USD
2024-07-19T04:00:00.000Z,115.9785389917,116.4953651952,113.1558506382,113.5633544922,18038900,0.0,0.0,MU,美光科技,"Micron Technology, Inc.",USD
2024-07-22T04:00:00.000Z,114.6566548709,114.8753147521,112.9471404353,114.5771408081,23837800,0.0,0.0,MU,美光科技,"Micron Technology, Inc.",USD
2024-07-23T04:00:00.000Z,114.428060644,115.6306824795,113.1359911697,113.5534286499,14707700,0.0,0.0,MU,美光科技,"Micron Technology, Inc.",USD
2024-07-24T04:00:00.000Z,110.7903749325,113.3447054847,109.3293362261,109.6076278687,25261000,0.0,0.0,MU,美光科技,"Micron Technology, Inc.",USD
2024-07-25T04:00:00.000Z,106.1488300377,110.0250451822,104.3995588552,106.7948608398,29068400,0.0,0.0,MU,美光科技,"Micron Technology, Inc.",USD
2024-07-26T04:00:00.000Z,109.3293266636,109.9554828046,107.1228608577,108.7429275513,18547900,0.0,0.0,MU,美光科技,"Micron Technology, Inc.",USD
2024-07-29T04:00:00.000Z,109.8660455141,110.3530558919,106.4867735827,107.1924438477,13517700,0.0,0.0,MU,美光科技,"Micron Technology, Inc.",USD
2024-07-30T04:00:00.000Z,108.3354222174,108.5838979564,101.5470632072,101.9346847534,23915100,0.0,0.0,MU,美光科技,"Micron Technology, Inc.",USD
2024-07-31T04:00:00.000Z,109.1802522806,110.6611657529,107.0930573204,109.1504364014,26503600,0.0,0.0,MU,美光科技,"Micron Technology, Inc.",USD
2024-08-01T04:00:00.000Z,106.5265263449,107.2023807041,99.3406041497,100.8910980225,31643700,0.0,0.0,MU,美光科技,"Micron Technology, Inc.",USD
2024-08-02T04:00:00.000Z,96.5676257591,97.094393172,90.5147521298,92.1348114014,36039400,0.0,0.0,MU,美光科技,"Micron Technology, Inc.",USD
2024-08-05T04:00:00.000Z,87.0957229157,91.687557809,84.3923129467,89.8687133789,36977600,0.0,0.0,MU,美光科技,"Micron Technology, Inc.",USD
2024-08-06T04:00:00.000Z,88.6561521566,90.3060349176,86.6186553819,88.4573745728,26460000,0.0,0.0,MU,美光科技,"Micron Technology, Inc.",USD
2024-08-07T04:00:00.000Z,92.8106583748,93.0094435223,86.0521225999,86.2707824707,29483800,0.0,0.0,MU,美光科技,"Micron Technology, Inc.",USD
2024-08-08T04:00:00.000Z,87.9405361611,92.2838871901,87.4932752848,91.508644104,24760700,0.0,0.0,MU,美光科技,"Micron Technology, Inc.",USD
2024-08-09T04:00:00.000Z,91.2303611144,93.9536533257,90.8924301371,92.5124969482,21627200,0.0,0.0,MU,美光科技,"Micron Technology, Inc.",USD
2024-08-12T04:00:00.000Z,92.5323691001,95.941456742,92.0652334702,94.0629806519,18886600,0.0,0.0,MU,美光科技,"Micron Technology, Inc.",USD
2024-08-13T04:00:00.000Z,96.0309014105,97.1838248372,94.3313283529,96.8459014893,23565500,0.0,0.0,MU,美光科技,"Micron Technology, Inc.",USD
2024-08-14T04:00:00.000Z,100.3842049276,101.3284097626,97.4720687784,99.7978057861,22459000,0.0,0.0,MU,美光科技,"Micron Technology, Inc.",USD
2024-08-15T04:00:00.000Z,102.8789065307,107.3912272746,102.1235380917,106.2979278564,29128000,0.0,0.0,MU,美光科技,"Micron Technology, Inc.",USD
2024-08-16T04:00:00.000Z,106.1786575974,108.8025608685,104.7076778447,107.3315811157,18383300,0.0,0.0,MU,美光科技,"Micron Technology, Inc.",USD
2024-08-19T04:00:00.000Z,106.5960909202,108.0571294636,104.1212747088,107.9676742554,15744600,0.0,0.0,MU,美光科技,"Micron Technology, Inc.",USD
2024-08-20T04:00:00.000Z,107.6695120734,108.5242692462,105.512744418,107.3315811157,16075500,0.0,0.0,MU,美光科技,"Micron Technology, Inc.",USD
2024-08-21T04:00:00.000Z,107.5005558212,107.7390904262,105.5624403547,107.6695175171,13658900,0.0,0.0,MU,美光科技,"Micron Technology, Inc.",USD
2024-08-22T04:00:00.000Z,108.2857364865,110.3232408139,103.3261622884,103.6243362427,17967000,0.0,0.0,MU,美光科技,"Micron Technology, Inc.",USD
2024-08-23T04:00:00.000Z,102.4117672776,103.7734171341,99.6984087181,102.2229232788,25465100,0.0,0.0,MU,美光科技,"Micron Technology, Inc.",USD
2024-08-26T04:00:00.000Z,100.0562095576,101.5669463092,97.0148689145,98.3069458008,26752300,0.0,0.0,MU,美光科技,"Micron Technology, Inc.",USD
2024-08-27T04:00:00.000Z,96.4980342891,97.889499943,96.0805968677,97.263343811,17234600,0.0,0.0,MU,美光科技,"Micron Technology, Inc.",USD
2024-08-28T04:00:00.000Z,96.7664044273,97.0844531094,92.134812437,94.2816467285,25564300,0.0,0.0,MU,美光科技,"Micron Technology, Inc.",USD
2024-08-29T04:00:00.000Z,95.9712741938,97.3826222601,94.4108467393,94.9873123169,18984300,0.0,0.0,MU,美光科技,"Micron Technology, Inc.",USD
2024-08-30T04:00:00.000Z,96.3290754633,97.8099963703,94.4108423994,95.6532211304,18819400,0.0,0.0,MU,美光科技,"Micron Technology, Inc.",USD
2024-09-03T04:00:00.000Z,93.059146069,93.3076218481,87.7715817925,88.0399398804,28897200,0.0,0.0,MU,美光科技,"Micron Technology, Inc.",USD
2024-09-04T04:00:00.000Z,87.8212753162,90.176828307,87.274625598,88.7456054688,16356500,0.0,0.0,MU,美光科技,"Micron Technology, Inc.",USD
2024-09-05T04:00:00.000Z,87.5628502195,90.1469964273,87.2249268492,88.8449859619,13890700,0.0,0.0,MU,美光科技,"Micron Technology, Inc.",USD
2024-09-06T04:00:00.000Z,88.8251156388,89.1034072712,84.7401736194,85.8533401489,23587100,0.0,0.0,MU,美光科技,"Micron Technology, Inc.",USD
2024-09-09T04:00:00.000Z,87.314371761,87.423701691,84.4916910512,85.7440032959,20526400,0.0,0.0,MU,美光科技,"Micron Technology, Inc.",USD
2024-09-10T04:00:00.000Z,86.4397590852,86.6584189938,84.3525639646,86.3204879761,17019000,0.0,0.0,MU,美光科技,"Micron Technology, Inc.",USD
2024-09-11T04:00:00.000Z,87.662245907,90.2762157794,85.5551762957,90.0973129272,20879600,0.0,0.0,MU,美光科技,"Micron Technology, Inc.",USD
2024-09-12T04:00:00.000Z,86.5689537498,87.4932838854,83.6071269205,86.6782836914,30900000,0.0,0.0,MU,美光科技,"Micron Technology, Inc.",USD
2024-09-13T04:00:00.000Z,87.5529197172,90.9123170205,87.3342674066,90.6638412476,21267200,0.0,0.0,MU,美光科技,"Micron Technology, Inc.",USD
2024-09-16T04:00:00.000Z,86.7080921393,87.7019950997,85.3961405349,86.6484603882,26494300,0.0,0.0,MU,美光科技,"Micron Technology, Inc.",USD
2024-09-17T04:00:00.000Z,87.5230974635,89.023893146,87.0062712299,88.1890182495,17744800,0.0,0.0,MU,美光科技,"Micron Technology, Inc.",USD
2024-09-18T04:00:00.000Z,87.4535182393,88.656139896,86.1813236796,86.8174209595,20130600,0.0,0.0,MU,美光科技,"Micron Technology, Inc.",USD
2024-09-19T04:00:00.000Z,88.8052374839,89.8388975831,87.0460323925,88.7058486938,25208900,0.0,0.0,MU,美光科技,"Micron Technology, Inc.",USD
2024-09-20T04:00:00.000Z,87.8610220509,90.4153523219,87.7914491479,90.3457794189,28711000,0.0,0.0,MU,美光科技,"Micron Technology, Inc.",USD
2024-09-23T04:00:00.000Z,92.1149385763,94.2220158545,92.015549784,92.9995117188,23394100,0.0,0.0,MU,美光科技,"Micron Technology, Inc.",USD
2024-09-24T04:00:00.000Z,94.1524323928,94.4207828603,92.1944423139,93.4268798828,23043200,0.0,0.0,MU,美光科技,"Micron Technology, Inc.",USD
2024-09-25T04:00:00.000Z,93.5859041804,95.5935847765,93.3573031685,95.1860809326,54762900,0.0,0.0,MU,美光科技,"Micron Technology, Inc.",USD
2024-09-26T04:00:00.000Z,112.4104368813,114.1000766678,106.8743970266,109.210067749,107965900,0.0,0.0,MU,美光科技,"Micron Technology, Inc.",USD
2024-09-27T04:00:00.000Z,109.8262830158,110.2934186455,106.3774383449,106.8445739746,42960200,0.0,0.0,MU,美光科技,"Micron Technology, Inc.",USD
2024-09-30T04:00:00.000Z,105.4332432135,106.0991564741,101.6365336552,103.0776901245,39544700,0.0,0.0,MU,美光科技,"Micron Technology, Inc.",USD
2024-10-01T04:00:00.000Z,102.7695743252,103.5646921957,98.3367677427,99.6984100342,34309800,0.0,0.0,MU,美光科技,"Micron Technology, Inc.",USD
2024-10-02T04:00:00.000Z,99.9767047047,101.4973827491,98.7243923145,99.2412185669,26334900,0.0,0.0,MU,美光科技,"Micron Technology, Inc.",USD
2024-10-03T04:00:00.000Z,98.8635254968,101.904866031,98.7939525951,101.1991958618,22176700,0.0,0.0,MU,美光科技,"Micron Technology, Inc.",USD
2024-10-04T04:00:00.000Z,103.0180449675,103.6044440835,100.7817632717,101.6265792847,21911200,0.0,0.0,MU,美光科技,"Micron Technology, Inc.",USD
2024-10-07T04:00:00.000Z,101.6514613912,104.0693578067,100.3081754829,102.3977279663,21749300,0.115,0.0,MU,美光科技,"Micron Technology, Inc.",USD
2024-10-08T04:00:00.000Z,101.6713477489,102.4275665907,100.7559293355,102.0295562744,18858300,0.0,0.0,MU,美光科技,"Micron Technology, Inc.",USD
2024-10-09T04:00:00.000Z,101.7410213577,101.7808231572,99.8206281814,101.1937561035,18442700,0.0,0.0,MU,美光科技,"Micron Technology, Inc.",USD
2024-10-10T04:00:00.000Z,100.8653992203,106.0494637695,100.3479834453,105.1638946533,27605600,0.0,0.0,MU,美光科技,"Micron Technology, Inc.",USD
2024-10-11T04:00:00.000Z,104.5171176163,107.1141257884,104.467363477,106.3877563477,19133900,0.0,0.0,MU,美光科技,"Micron Technology, Inc.",USD
2024-10-14T04:00:00.000Z,107.2733292037,108.1688506039,106.2683623575,107.8006896973,15021900,0.0,0.0,MU,美光科技,"Micron Technology, Inc.",USD
2024-10-15T04:00:00.000Z,107.3230919821,108.9449753881,102.1987262827,103.8007125854,23419100,0.0,0.0,MU,美光科技,"Micron Technology, Inc.",USD
2024-10-16T04:00:00.000Z,105.4922403716,109.0842707827,105.0842852555,108.6962127686,20450900,0.0,0.0,MU,美光科技,"Micron Technology, Inc.",USD
2024-10-17T04:00:00.000Z,110.78576088,113.5718258949,110.4574093449,111.4922332764,26584800,0.0,0.0,MU,美光科技,"Micron Technology, Inc.",USD
2024-10-18T04:00:00.000Z,111.1937219591,112.3379989158,109.3131307587,110.5967102051,16700400,0.0,0.0,MU,美光科技,"Micron Technology, Inc.",USD
2024-10-21T04:00:00.000Z,110.5469592228,110.5867610197,107.1539376426,108.5370178223,14829400,0.0,0.0,MU,美光科技,"Micron Technology, Inc.",USD
2024-10-22T04:00:00.000Z,107.701194526,107.9797995112,105.840507979,107.2832870483,13758100,0.0,0.0,MU,美光科技,"Micron Technology, Inc.",USD
2024-10-23T04:00:00.000Z,106.0295623953,106.5668752902,103.0245987144,104.5270843506,15174700,0.0,0.0,MU,美光科技,"Micron Technology, Inc.",USD
2024-10-24T04:00:00.000Z,106.2484639875,106.9947306002,105.0245909939,106.3181152344,13206300,0.0,0.0,MU,美光科技,"Micron Technology, Inc.",USD
2024-10-25T04:00:00.000Z,107.8006931063,109.3330280859,107.1837842488,107.3728408813,12265000,0.0,0.0,MU,美光科技,"Micron Technology, Inc.",USD
2024-10-28T04:00:00.000Z,106.2484553386,107.6414877538,105.7907460977,105.8603973389,12381000,0.0,0.0,MU,美光科技,"Micron Technology, Inc.",USD
2024-10-29T04:00:00.000Z,106.0594056105,108.2086570637,105.0743358235,107.641494751,15164600,0.0,0.0,MU,美光科技,"Micron Technology, Inc.",USD
2024-10-30T04:00:00.000Z,105.7310456608,106.2683584813,103.1240851445,103.5618972778,14321800,0.0,0.0,MU,美光科技,"Micron Technology, Inc.",USD
2024-10-31T04:00:00.000Z,101.6912553465,101.9798126658,98.5768389137,99.1539535522,19830300,0.0,0.0,MU,美光科技,"Micron Technology, Inc.",USD
2024-11-01T04:00:00.000Z,99.502203635,100.1091676845,98.875342485,99.2335510254,13623400,0.0,0.0,MU,美光科技,"Micron Technology, Inc.",USD
2024-11-04T05:00:00.000Z,100.9947438701,103.2733454063,100.4972328165,101.2236022949,15765800,0.0,0.0,MU,美光科技,"Micron Technology, Inc.",USD
2024-11-05T05:00:00.000Z,101.4922568045,105.0942396318,101.2833030691,104.964881897,12071900,0.0,0.0,MU,美光科技,"Micron Technology, Inc.",USD
2024-11-06T05:00:00.000Z,107.8404922656,111.7608817616,106.467364503,111.2733230591,20304500,0.0,0.0,MU,美光科技,"Micron Technology, Inc.",USD
2024-11-07T05:00:00.000Z,111.9996917061,113.2932235484,110.8156204999,112.8454666138,13569800,0.0,0.0,MU,美光科技,"Micron Technology, Inc.",USD
2024-11-08T05:00:00.000Z,111.5817749744,113.731026302,110.019590619,111.3429718018,13045700,0.0,0.0,MU,美光科技,"Micron Technology, Inc.",USD
2024-11-11T05:00:00.000Z,110.3976922543,110.9549097587,106.2384998253,108.1091461182,14479700,0.0,0.0,MU,美光科技,"Micron Technology, Inc.",USD
2024-11-12T05:00:00.000Z,104.4773238048,104.5668721527,101.5619086559,103.5818023682,21859700,0.0,0.0,MU,美光科技,"Micron Technology, Inc.",USD
2024-11-13T05:00:00.000Z,102.2882759575,102.8255812166,99.3231067291,99.4226074219,18416200,0.0,0.0,MU,美光科技,"Micron Technology, Inc.",USD
2024-11-14T05:00:00.000Z,100.7857918445,101.7808139684,98.0693781059,98.6862945557,18459700,0.0,0.0,MU,美光科技,"Micron Technology, Inc.",USD
2024-11-15T05:00:00.000Z,97.0644113079,97.7111696158,95.1639154057,95.8604278564,18518300,0.0,0.0,MU,美光科技,"Micron Technology, Inc.",USD
2024-11-18T05:00:00.000Z,96.0693996235,97.5818300773,95.0544726948,97.0246200562,14236400,0.0,0.0,MU,美光科技,"Micron Technology, Inc.",USD
2024-11-19T05:00:00.000Z,96.5171379553,97.691264267,96.0295792809,97.2435073853,14160300,0.0,0.0,MU,美光科技,"Micron Technology, Inc.",USD
2024-11-20T05:00:00.000Z,97.4922673112,98.0395249036,96.0494807319,97.8803253174,10490600,0.0,0.0,MU,美光科技,"Micron Technology, Inc.",USD
2024-11-21T05:00:00.000Z,99.6017042334,102.7758269559,97.5718583701,102.2484664917,18915200,0.0,0.0,MU,美光科技,"Micron Technology, Inc.",USD
2024-11-22T05:00:00.000Z,101.8504538888,103.1937320885,101.1439891703,102.1290588379,12063700,0.0,0.0,MU,美光科技,"Micron Technology, Inc.",USD
2024-11-25T05:00:00.000Z,103.3330539461,105.8703635925,103.2932521471,103.9599227905,22837900,0.0,0.0,MU,美光科技,"Micron Technology, Inc.",USD
2024-11-26T05:00:00.000Z,103.4822965826,104.1987136966,99.8106626688,101.2932510376,19275700,0.0,0.0,MU,美光科技,"Micron Technology, Inc.",USD
2024-11-27T05:00:00.000Z,100.4375402216,100.5370409202,96.158941856,97.7111740112,17046400,0.0,0.0,MU,美光科技,"Micron Technology, Inc.",USD
2024-11-29T05:00:00.000Z,96.7559527794,97.7111731427,95.6216281236,97.4624176025,13729400,0.0,0.0,MU,美光科技,"Micron Technology, Inc.",USD
2024-12-02T05:00:00.000Z,97.1141498585,99.5917526195,97.0444986192,98.059425354,16525600,0.0,0.0,MU,美光科技,"Micron Technology, Inc.",USD
2024-12-03T05:00:00.000Z,100.6166447049,103.1638990344,99.1340562037,99.3430099487,23479700,0.0,0.0,MU,美光科技,"Micron Technology, Inc.",USD
2024-12-04T05:00:00.000Z,100.2683678025,102.8952329767,99.3032027988,102.6862716675,16306200,0.0,0.0,MU,美光科技,"Micron Technology, Inc.",USD
2024-12-05T05:00:00.000Z,103.3628928246,103.7310537338,100.1091739038,100.3678817749,13448900,0.0,0.0,MU,美光科技,"Micron Technology, Inc.",USD
2024-12-06T05:00:00.000Z,100.3778245223,101.681308607,99.532057274,100.6663818359,12381000,0.0,0.0,MU,美光科技,"Micron Technology, Inc.",USD
2024-12-09T05:00:00.000Z,100.1489779536,103.9798115995,99.8703729745,102.3081741333,14141900,0.0,0.0,MU,美光科技,"Micron Technology, Inc.",USD
2024-12-10T05:00:00.000Z,104.4375240076,104.4773258046,96.7858012409,97.6116714478,23548500,0.0,0.0,MU,美光科技,"Micron Technology, Inc.",USD
2024-12-11T05:00:00.000Z,99.0047093908,102.1489832022,97.8106857814,101.5519638062,15248400,0.0,0.0,MU,美光科技,"Micron Technology, Inc.",USD
2024-12-12T05:00:00.000Z,100.8952345367,101.4723491314,97.2733549844,97.7509613037,19334900,0.0,0.0,MU,美光科技,"Micron Technology, Inc.",USD
2024-12-13T05:00:00.000Z,100.2683848463,102.6862891224,99.1738619327,101.9897766113,23926000,0.0,0.0,MU,美光科技,"Micron Technology, Inc.",USD
2024-12-16T05:00:00.000Z,105.0842822007,110.5768007277,104.0196088816,107.7210922241,42741200,0.0,0.0,MU,美光科技,"Micron Technology, Inc.",USD
2024-12-17T05:00:00.000Z,109.2036717305,109.9399859336,107.1439763578,108.0593948364,35811500,0.0,0.0,MU,美光科技,"Micron Technology, Inc.",USD
2024-12-18T05:00:00.000Z,109.7011941251,111.4822847184,102.2186307549,103.3828048706,63024300,0.0,0.0,MU,美光科技,"Micron Technology, Inc.",USD
2024-12-19T05:00:00.000Z,89.631584913,90.5470033447,84.1888132776,86.656463623,91396800,0.0,0.0,MU,美光科技,"Micron Technology, Inc.",USD
2024-12-20T05:00:00.000Z,84.98484117,89.8007444882,83.1241471109,89.6713943481,49578400,0.0,0.0,MU,美光科技,"Micron Technology, Inc.",USD
2024-12-23T05:00:00.000Z,89.551996721,90.6465196071,87.959962742,89.2733917236,26041500,0.0,0.0,MU,美光科技,"Micron Technology, Inc.",USD
2024-12-24T05:00:00.000Z,89.1340809537,89.2534787464,87.7908026458,88.8355712891,13021300,0.0,0.0,MU,美光科技,"Micron Technology, Inc.",USD
2024-12-26T05:00:00.000Z,88.0594502436,90.1788444488,87.6614399107,89.3728790283,14468200,0.0,0.0,MU,美光科技,"Micron Technology, Inc.",USD
2024-12-27T05:00:00.000Z,88.5569655307,89.0445242265,87.1440359925,88.1888046265,19422600,0.0,0.0,MU,美光科技,"Micron Technology, Inc.",USD
2024-12-30T05:00:00.000Z,86.6694300447,86.7292141069,84.2683151155,84.9956207275,22022900,0.115,0.0,MU,美光科技,"Micron Technology, Inc.",USD
2024-12-31T05:00:00.000Z,85.1251429326,86.0816042732,83.7801118085,83.849861145,18691500,0.0,0.0,MU,美光科技,"Micron Technology, Inc.",USD
2025-01-02T05:00:00.000Z,84.6668403058,87.3269991627,84.427719266,87.0081787109,18860000,0.0,0.0,MU,美光科技,"Micron Technology, Inc.",USD
2025-01-03T05:00:00.000Z,87.6258880693,89.8675964831,87.1875147039,89.5388183594,17484600,0.0,0.0,MU,美光科技,"Micron Technology, Inc.",USD
2025-01-06T05:00:00.000Z,95.2177993643,101.1458690247,95.1281346864,98.894203186,42903300,0.0,0.0,MU,美光科技,"Micron Technology, Inc.",USD
2025-01-07T05:00:00.000Z,103.0289266845,106.3466494996,100.7872181763,101.5344543457,53570000,0.0,0.0,MU,美光科技,"Micron Technology, Inc.",USD
2025-01-08T05:00:00.000Z,102.4411006066,103.0986721077,97.937760476,99.0436706543,33516900,0.0,0.0,MU,美光科技,"Micron Technology, Inc.",USD
2025-01-10T05:00:00.000Z,97.7584098134,100.408603199,96.5130163274,98.9739074707,20512600,0.0,0.0,MU,美光科技,"Micron Technology, Inc.",USD
2025-01-13T05:00:00.000Z,95.4868106385,95.6462246615,92.5377196236,94.7096862793,22699100,0.0,0.0,MU,美光科技,"Micron Technology, Inc.",USD
2025-01-14T05:00:00.000Z,96.6923579069,97.0510318561,95.0285063532,97.0012130737,18613400,0.0,0.0,MU,美光科技,"Micron Technology, Inc.",USD
2025-01-15T05:00:00.000Z,99.0735572407,103.5470090654,98.983884946,102.8097381592,27568100,0.0,0.0,MU,美光科技,"Micron Technology, Inc.",USD
2025-01-16T05:00:00.000Z,103.9355559216,104.4137903531,101.4945877892,102.2218933105,16243800,0.0,0.0,MU,美光科技,"Micron Technology, Inc.",USD
2025-01-17T05:00:00.000Z,104.2543804868,105.4898087154,102.1222674142,105.3602905273,18908900,0.0,0.0,MU,美光科技,"Micron Technology, Inc.",USD
2025-01-21T05:00:00.000Z,105.0414876189,109.8337601935,104.8422276654,108.9769287109,23533600,0.0,0.0,MU,美光科技,"Micron Technology, Inc.",USD
2025-01-22T05:00:00.000Z,108.7676848152,110.2621570142,107.3628849009,108.8274688721,20004300,0.0,0.0,MU,美光科技,"Micron Technology, Inc.",USD
2025-01-23T05:00:00.000Z,104.403824992,105.7887019054,102.9691293,104.4536361694,22677600,0.0,0.0,MU,美光科技,"Micron Technology, Inc.",USD
2025-01-24T05:00:00.000Z,105.1112231725,105.3304136693,102.3414689345,102.8097381592,19743800,0.0,0.0,MU,美光科技,"Micron Technology, Inc.",USD
2025-01-27T05:00:00.000Z,94.5104268879,95.7458551684,88.0343803897,90.7742462158,50696200,0.0,0.0,MU,美光科技,"Micron Technology, Inc.",USD
2025-01-28T05:00:00.000Z,92.2687229763,93.105623839,87.715564213,87.9247894287,34793600,0.0,0.0,MU,美光科技,"Micron Technology, Inc.",USD
2025-01-29T05:00:00.000Z,89.5487729733,90.1166721147,87.4365904271,88.6819839478,25342800,0.0,0.0,MU,美光科技,"Micron Technology, Inc.",USD
2025-01-30T05:00:00.000Z,90.3259030759,92.8166900665,89.9672291411,92.1591186523,22497100,0.0,0.0,MU,美光科技,"Micron Technology, Inc.",USD
2025-01-31T05:00:00.000Z,91.3122632093,93.9226034141,90.8041404758,90.9037704468,20492100,0.0,0.0,MU,美光科技,"Micron Technology, Inc.",USD
2025-02-03T05:00:00.000Z,88.3233066229,91.0631722634,87.6956234477,89.5886230469,18607900,0.0,0.0,MU,美光科技,"Micron Technology, Inc.",USD
2025-02-04T05:00:00.000Z,88.7218373847,91.1129868615,88.4727586808,90.3259048462,12827500,0.0,0.0,MU,美光科技,"Micron Technology, Inc.",USD
2025-02-05T05:00:00.000Z,90.0568962481,93.3048846996,89.8875245525,93.255065918,15660000,0.0,0.0,MU,美光科技,"Micron Technology, Inc.",USD
2025-02-06T05:00:00.000Z,94.5303480067,96.2539760012,93.2351432929,94.1916046143,16141100,0.0,0.0,MU,美光科技,"Micron Technology, Inc.",USD
2025-02-07T05:00:00.000Z,95.2377308536,95.5764818481,91.2524715377,91.9598617554,15602800,0.0,0.0,MU,美光科技,"Micron Technology, Inc.",USD
2025-02-10T05:00:00.000Z,92.8465766848,95.9052627521,92.8266461325,95.5764770508,16217900,0.0,0.0,MU,美光科技,"Micron Technology, Inc.",USD
2025-02-11T05:00:00.000Z,93.9026785921,95.4868156222,93.2152188841,93.7333068848,12124000,0.0,0.0,MU,美光科技,"Micron Technology, Inc.",USD
2025-02-12T05:00:00.000Z,89.2697961552,92.2985937742,87.0280880662,91.3421325684,22874700,0.0,0.0,MU,美光科技,"Micron Technology, Inc.",USD
2025-02-13T05:00:00.000Z,91.7207330632,95.7159573221,91.6808795612,95.307472229,16579900,0.0,0.0,MU,美光科技,"Micron Technology, Inc.",USD
2025-02-14T05:00:00.000Z,98.0473491451,100.3289034883,97.6388564034,99.1532516479,21284500,0.0,0.0,MU,美光科技,"Micron Technology, Inc.",USD
2025-02-18T05:00:00.000Z,102.2617534268,107.4824410017,101.6739313263,106.3964614868,29641900,0.0,0.0,MU,美光科技,"Micron Technology, Inc.",USD
2025-02-19T05:00:00.000Z,105.3702603975,106.7949909335,103.238147232,103.9754180908,17875900,0.0,0.0,MU,美光科技,"Micron Technology, Inc.",USD
2025-02-20T05:00:00.000Z,103.5968214611,104.4636105159,101.9628581138,102.7997665405,14488000,0.0,0.0,MU,美光科技,"Micron Technology, Inc.",USD
2025-02-21T05:00:00.000Z,103.2580759909,103.2780065457,97.3897818174,98.4757614136,18650800,0.0,0.0,MU,美光科技,"Micron Technology, Inc.",USD
2025-02-24T05:00:00.000Z,99.8506830015,100.3289099087,94.9288848395,95.0584106445,14883700,0.0,0.0,MU,美光科技,"Micron Technology, Inc.",USD
2025-02-25T05:00:00.000Z,95.1480691379,95.5764848318,92.4181685497,92.8764724731,18608200,0.0,0.0,MU,美光科技,"Micron Technology, Inc.",USD
2025-02-26T05:00:00.000Z,95.6462322105,99.3525249248,95.148074751,97.3499298096,21335200,0.0,0.0,MU,美光科技,"Micron Technology, Inc.",USD
2025-02-27T05:00:00.000Z,97.4794404176,99.5218888827,91.1528426961,91.481628418,22386300,0.0,0.0,MU,美光科技,"Micron Technology, Inc.",USD
2025-02-28T05:00:00.000Z,90.6646451174,94.1118933493,89.5388121508,93.2849502563,23359100,0.0,0.0,MU,美光科技,"Micron Technology, Inc.",USD
2025-03-03T05:00:00.000Z,95.4569284284,95.8454906325,89.0605885751,90.2063522339,20281800,0.0,0.0,MU,美光科技,"Micron Technology, Inc.",USD
2025-03-04T05:00:00.000Z,89.8676071503,93.2451142866,86.4801423372,90.8639221191,23611500,0.0,0.0,MU,美光科技,"Micron Technology, Inc.",USD
2025-03-05T05:00:00.000Z,91.810415717,94.6997303264,90.0967529444,93.9923400879,14010300,0.0,0.0,MU,美光科技,"Micron Technology, Inc.",USD
2025-03-06T05:00:00.000Z,90.5949033359,92.946206827,88.7019037318,88.9410171509,18708100,0.0,0.0,MU,美光科技,"Micron Technology, Inc.",USD
2025-03-07T05:00:00.000Z,89.9572652875,92.9960209033,89.1602103974,92.6174240112,19133900,0.0,0.0,MU,美光科技,"Micron Technology, Inc.",USD
2025-03-10T04:00:00.000Z,89.259846752,91.0332936295,85.4439665257,86.7591018677,21897900,0.0,0.0,MU,美光科技,"Micron Technology, Inc.",USD
2025-03-11T04:00:00.000Z,87.5760763139,90.7642807744,85.7528183249,88.7218399048,21962100,0.0,0.0,MU,美光科技,"Micron Technology, Inc.",USD
2025-03-12T04:00:00.000Z,92.1292282454,96.6325676733,91.9000725031,95.2875442505,23584700,0.0,0.0,MU,美光科技,"Micron Technology, Inc.",USD
2025-03-13T04:00:00.000Z,93.9026816945,97.7584231912,93.6536029632,94.5303573608,18824700,0.0,0.0,MU,美光科技,"Micron Technology, Inc.",USD
2025-03-14T04:00:00.000Z,98.3860958052,102.4012436127,98.3860958052,100.4185791016,24623600,0.0,0.0,MU,美光科技,"Micron Technology, Inc.",USD
2025-03-17T04:00:00.000Z,100.6875702555,104.0650767858,100.5879402967,102.7300186157,17095100,0.0,0.0,MU,美光科技,"Micron Technology, Inc.",USD
2025-03-18T04:00:00.000Z,101.5244831535,102.9292831174,99.9204156618,101.3451461792,18434100,0.0,0.0,MU,美光科技,"Micron Technology, Inc.",USD
2025-03-19T04:00:00.000Z,100.4484705458,103.2182248241,100.1196847958,101.6838989258,16633100,0.0,0.0,MU,美光科技,"Micron Technology, Inc.",USD
2025-03-20T04:00:00.000Z,101.2056647239,104.3042045288,100.9765089628,102.6204299927,29204400,0.0,0.0,MU,美光科技,"Micron Technology, Inc.",USD
2025-03-21T04:00:00.000Z,97.8381124862,98.1370099733,93.3546957869,94.3709411621,63239600,0.0,0.0,MU,美光科技,"Micron Technology, Inc.",USD
2025-03-24T04:00:00.000Z,95.7458628113,98.0573131342,94.9787036633,96.5827713013,35406600,0.0,0.0,MU,美光科技,"Micron Technology, Inc.",USD
2025-03-25T04:00:00.000Z,95.8255611897,96.0248211163,92.9063584174,93.8329315186,22191700,0.0,0.0,MU,美光科技,"Micron Technology, Inc.",USD
2025-03-26T04:00:00.000Z,95.6462306045,96.2838715337,90.634767863,91.7904891968,27107200,0.0,0.0,MU,美光科技,"Micron Technology, Inc.",USD
2025-03-27T04:00:00.000Z,90.7543168248,91.8701922029,89.2797750907,90.8240661621,15658700,0.0,0.0,MU,美光科技,"Micron Technology, Inc.",USD
2025-03-28T04:00:00.000Z,90.1366001411,90.555050528,87.2771739613,88.1140823364,17118000,0.0,0.0,MU,美光科技,"Micron Technology, Inc.",USD
2025-03-31T04:00:00.000Z,85.7946362608,86.8820297414,83.8991718444,86.682510376,21089500,0.115,0.0,MU,美光科技,"Micron Technology, Inc.",USD
2025-04-01T04:00:00.000Z,88.3185984619,88.6777394287,86.0440440797,88.4981689453,15337100,0.0,0.0,MU,美光科技,"Micron Technology, Inc.",USD
2025-04-02T04:00:00.000Z,86.9219367761,89.715253612,86.4929632823,88.3884277344,14520400,0.0,0.0,MU,美光科技,"Micron Technology, Inc.",USD
2025-04-03T04:00:00.000Z,82.7219972472,83.1509707741,74.0327963765,74.1624832153,44839500,0.0,0.0,MU,美光科技,"Micron Technology, Inc.",USD
2025-04-04T04:00:00.000Z,70.4812922892,71.1696394225,63.7075056107,64.5654525757,50737700,0.0,0.0,MU,美光科技,"Micron Technology, Inc.",USD
2025-04-07T04:00:00.000Z,63.7873156643,72.2869711277,61.3930489317,68.206741333,50181800,0.0,0.0,MU,美光科技,"Micron Technology, Inc.",USD
2025-04-08T04:00:00.000Z,71.4290261467,72.7957574888,63.3683222099,65.3834991455,40822100,0.0,0.0,MU,美光科技,"Micron Technology, Inc.",USD
2025-04-09T04:00:00.000Z,66.0419198255,78.3724063357,63.5478933112,77.6840591431,63132600,0.0,0.0,MU,美光科技,"Micron Technology, Inc.",USD
2025-04-10T04:00:00.000Z,72.3268830009,72.875572744,67.3388221043,69.8827362061,44882300,0.0,0.0,MU,美光科技,"Micron Technology, Inc.",USD
2025-04-11T04:00:00.000Z,68.8751345029,70.002433341,66.6704128607,69.3839187622,30807800,0.0,0.0,MU,美光科技,"Micron Technology, Inc.",USD
2025-04-14T04:00:00.000Z,74.491688254,74.6014261859,69.80291477,70.850402832,32634700,0.0,0.0,MU,美光科技,"Micron Technology, Inc.",USD
2025-04-15T04:00:00.000Z,70.9501721192,72.6261606767,70.3815335521,70.8703613281,19132700,0.0,0.0,MU,美光科技,"Micron Technology, Inc.",USD
2025-04-16T04:00:00.000Z,67.7677930787,70.2817723265,67.00960572,69.1644515991,28475000,0.0,0.0,MU,美光科技,"Micron Technology, Inc.",USD
2025-04-17T04:00:00.000Z,70.2718026244,70.3117080239,66.8400143761,68.6357192993,20694100,0.0,0.0,MU,美光科技,"Micron Technology, Inc.",USD
2025-04-21T04:00:00.000Z,67.5981882694,67.8376130077,65.4932264333,66.580619812,19826100,0.0,0.0,MU,美光科技,"Micron Technology, Inc.",USD
2025-04-22T04:00:00.000Z,67.3787207159,70.2318918702,67.2789610303,70.0423431396,20351200,0.0,0.0,MU,美光科技,"Micron Technology, Inc.",USD
2025-04-23T04:00:00.000Z,73.5140313741,75.2199469961,72.3268706479,72.7558441162,26385500,0.0,0.0,MU,美光科技,"Micron Technology, Inc.",USD
2025-04-24T04:00:00.000Z,74.3919298753,77.4047149016,73.424244974,77.2351226807,23875600,0.0,0.0,MU,美光科技,"Micron Technology, Inc.",USD
2025-04-25T04:00:00.000Z,77.3648220582,80.1082553565,76.7163726654,79.5894927979,19746200,0.0,0.0,MU,美光科技,"Micron Technology, Inc.",USD
2025-04-28T04:00:00.000Z,78.5819036385,79.4199017803,76.7363227318,78.3724060059,16882400,0.0,0.0,MU,美光科技,"Micron Technology, Inc.",USD
2025-04-29T04:00:00.000Z,77.7538850741,78.0032880849,76.287394153,76.6964111328,17098000,0.0,0.0,MU,美光科技,"Micron Technology, Inc.",USD
2025-04-30T04:00:00.000Z,73.4442006918,76.9657699545,73.3244845077,76.766242981,19779300,0.0,0.0,MU,美光科技,"Micron Technology, Inc.",USD
2025-05-01T04:00:00.000Z,79.2103943532,79.6992221022,77.4545951014,77.5842819214,15349200,0.0,0.0,MU,美光科技,"Micron Technology, Inc.",USD
2025-05-02T04:00:00.000Z,79.3899749801,81.4749806745,78.9111178097,80.5272521973,18899700,0.0,0.0,MU,美光科技,"Micron Technology, Inc.",USD
2025-05-05T04:00:00.000Z,79.2203835293,80.9562265182,78.8612425507,80.2279663086,12513600,0.0,0.0,MU,美光科技,"Micron Technology, Inc.",USD
2025-05-06T04:00:00.000Z,78.8512655686,81.0260603689,78.3524594916,80.3177566528,13173800,0.0,0.0,MU,美光科技,"Micron Technology, Inc.",USD
2025-05-07T04:00:00.000Z,80.7966016434,82.6721172578,80.008487173,82.4227142334,14889700,0.0,0.0,MU,美光科技,"Micron Technology, Inc.",USD
2025-05-08T04:00:00.000Z,84.0488256825,86.0041446308,83.1609514563,84.9466781616,17580500,0.0,0.0,MU,美光科技,"Micron Technology, Inc.",USD
2025-05-09T04:00:00.000Z,85.3656598639,86.0639852303,84.477785779,85.6549682617,13017600,0.0,0.0,MU,美光科技,"Micron Technology, Inc.",USD
2025-05-12T04:00:00.000Z,92.588373149,93.975053308,91.7304261658,92.0696182251,27765300,0.0,0.0,MU,美光科技,"Micron Technology, Inc.",USD
2025-05-13T04:00:00.000Z,92.3290015402,97.1773968838,92.3290015402,96.6985397339,28009100,0.0,0.0,MU,美光科技,"Micron Technology, Inc.",USD
2025-05-14T04:00:00.000Z,96.0700475378,97.4168223402,94.094772246,95.0923843384,28044400,0.0,0.0,MU,美光科技,"Micron Technology, Inc.",USD
2025-05-15T04:00:00.000Z,93.7855125852,95.3816903708,91.9499024234,95.2220687866,24196100,0.0,0.0,MU,美光科技,"Micron Technology, Inc.",USD
2025-05-16T04:00:00.000Z,95.6709997413,97.9555323118,95.4714727591,97.7659835815,22609300,0.0,0.0,MU,美光科技,"Micron Technology, Inc.",USD
2025-05-19T04:00:00.000Z,95.4814542964,98.7835479505,95.4714760441,98.4144363403,14380100,0.0,0.0,MU,美光科技,"Micron Technology, Inc.",USD
2025-05-20T04:00:00.000Z,97.6861674465,98.3944710693,96.7384390693,97.865737915,12331300,0.0,0.0,MU,美光科技,"Micron Technology, Inc.",USD
2025-05-21T04:00:00.000Z,96.9279926328,98.5840247156,95.0325281725,95.6111373901,15764300,0.0,0.0,MU,美光科技,"Micron Technology, Inc.",USD
2025-05-22T04:00:00.000Z,95.1821705953,96.9878459939,94.1446531363,94.603553772,13245200,0.0,0.0,MU,美光科技,"Micron Technology, Inc.",USD
2025-05-23T04:00:00.000Z,92.0396913189,93.6159125983,90.7128654448,93.1470413208,16545000,0.0,0.0,MU,美光科技,"Micron Technology, Inc.",USD
2025-05-27T04:00:00.000Z,94.9527174938,96.4690844972,93.9650836718,96.149848938,17612600,0.0,0.0,MU,美光科技,"Micron Technology, Inc.",USD
2025-05-28T04:00:00.000Z,96.4690875877,96.9778718928,95.3717157935,95.9503326416,10500300,0.0,0.0,MU,美光科技,"Micron Technology, Inc.",USD
2025-05-29T04:00:00.000Z,98.3545820351,99.3920996247,95.8805080692,96.568862915,14628700,0.0,0.0,MU,美光科技,"Micron Technology, Inc.",USD
2025-05-30T04:00:00.000Z,95.8106649461,96.3793035265,91.9997871101,94.2344360352,23758200,0.0,0.0,MU,美光科技,"Micron Technology, Inc.",USD
2025-06-02T04:00:00.000Z,94.3541619394,99.0030307467,94.1745914423,97.94556427,16850300,0.0,0.0,MU,美光科技,"Micron Technology, Inc.",USD
2025-06-03T04:00:00.000Z,98.1251260548,102.6842130144,96.7284676027,102.0058364868,22757600,0.0,0.0,MU,美光科技,"Micron Technology, Inc.",USD
2025-06-04T04:00:00.000Z,102.1355232264,103.6618761203,101.4571466994,103.0034484863,14595900,0.0,0.0,MU,美光科技,"Micron Technology, Inc.",USD
2025-06-05T04:00:00.000Z,106.0461644699,108.7696411173,105.2779989255,106.0361862183,28833700,0.0,0.0,MU,美光科技,"Micron Technology, Inc.",USD
2025-06-06T04:00:00.000Z,107.8219088549,110.7848177695,107.7820034608,108.3007583618,20710100,0.0,0.0,MU,美光科技,"Micron Technology, Inc.",USD
2025-06-09T04:00:00.000Z,109.2485023565,112.2612875262,108.3207228062,110.6850585938,20159700,0.0,0.0,MU,美光科技,"Micron Technology, Inc.",USD
2025-06-10T04:00:00.000Z,111.2636786543,114.6455831361,110.9643995847,113.8674468994,22949400,0.0,0.0,MU,美光科技,"Micron Technology, Inc.",USD
2025-06-11T04:00:00.000Z,115.323956184,116.9799959082,114.4560385361,115.7529296875,21614100,0.0,0.0,MU,美光科技,"Micron Technology, Inc.",USD
2025-06-12T04:00:00.000Z,113.8375234086,116.2018669517,113.2489282804,115.9025802612,17076500,0.0,0.0,MU,美光科技,"Micron Technology, Inc.",USD
2025-06-13T04:00:00.000Z,113.5282470832,116.8203620712,113.388582014,115.3239440918,17453000,0.0,0.0,MU,美光科技,"Micron Technology, Inc.",USD
2025-06-16T04:00:00.000Z,117.5286741184,120.6711536234,117.0398463412,119.5538253784,21374100,0.0,0.0,MU,美光科技,"Micron Technology, Inc.",USD
2025-06-17T04:00:00.000Z,119.3144043778,123.215071301,119.0650013554,120.0526351929,20837700,0.0,0.0,MU,美光科技,"Micron Technology, Inc.",USD
2025-06-18T04:00:00.000Z,120.1723530705,122.6863398335,119.8930228993,121.5291061401,20180000,0.0,0.0,MU,美光科技,"Micron Technology, Inc.",USD
2025-06-20T04:00:00.000Z,122.47682789,123.8635156402,120.0925357022,123.3048477173,29290400,0.0,0.0,MU,美光科技,"Micron Technology, Inc.",USD
2025-06-23T04:00:00.000Z,123.3746821953,124.2126802873,119.5238990172,121.788482666,23399200,0.0,0.0,MU,美光科技,"Micron Technology, Inc.",USD
2025-06-24T04:00:00.000Z,124.8112440701,127.794109577,124.6616007405,127.6045608521,26420600,0.0,0.0,MU,美光科技,"Micron Technology, Inc.",USD
2025-06-25T04:00:00.000Z,126.3076577648,127.1955318488,125.3200240016,126.9461288452,39407000,0.0,0.0,MU,美光科技,"Micron Technology, Inc.",USD
2025-06-26T04:00:00.000Z,129.2206967652,129.5399399506,123.4944053241,125.6991271973,62678100,0.0,0.0,MU,美光科技,"Micron Technology, Inc.",USD
2025-06-27T04:00:00.000Z,124.8411717494,127.2354421998,123.095350656,124.4620819092,36888600,0.0,0.0,MU,美光科技,"Micron Technology, Inc.",USD
2025-06-30T04:00:00.000Z,124.6017421941,124.7813126613,121.559022504,122.9556808472,22799700,0.0,0.0,MU,美光科技,"Micron Technology, Inc.",USD
2025-07-01T04:00:00.000Z,122.0578387394,123.6939219721,118.7956505259,120.6013259888,24825800,0.0,0.0,MU,美光科技,"Micron Technology, Inc.",USD
2025-07-02T04:00:00.000Z,120.2122581698,122.7062884223,117.7780822078,121.4492950439,29303800,0.0,0.0,MU,美光科技,"Micron Technology, Inc.",USD
2025-07-03T04:00:00.000Z,122.0378912376,123.3347824138,121.5390851826,121.9979858398,13247900,0.0,0.0,MU,美光科技,"Micron Technology, Inc.",USD
2025-07-07T04:00:00.000Z,121.0044228597,121.3339465518,118.73771521,119.7462463379,19148400,0.115,0.0,MU,美光科技,"Micron Technology, Inc.",USD
2025-07-08T04:00:00.000Z,122.2725763644,125.2682295962,121.7733008258,124.2397232056,26238200,0.0,0.0,MU,美光科技,"Micron Technology, Inc.",USD
2025-07-09T04:00:00.000Z,124.6391528662,125.9672277094,121.1042809199,122.0628890991,20464000,0.0,0.0,MU,美光科技,"Micron Technology, Inc.",USD
2025-07-10T04:00:00.000Z,124.0999283137,124.1698265853,121.843200716,122.9316253662,15378400,0.0,0.0,MU,美光科技,"Micron Technology, Inc.",USD
2025-07-11T04:00:00.000Z,121.953046988,124.629164326,121.0643370901,124.349571228,15820600,0.0,0.0,MU,美光科技,"Micron Technology, Inc.",USD
2025-07-14T04:00:00.000Z,120.2055806221,120.2654988695,116.8504482623,118.4381484985,32117700,0.0,0.0,MU,美光科技,"Micron Technology, Inc.",USD
2025-07-15T04:00:00.000Z,120.7647656865,121.214110609,118.9474030914,119.9359664917,24958900,0.0,0.0,MU,美光科技,"Micron Technology, Inc.",USD
2025-07-16T04:00:00.000Z,118.8575381411,118.9174487702,114.6436512119,116.2613067627,30614800,0.0,0.0,MU,美光科技,"Micron Technology, Inc.",USD
2025-07-17T04:00:00.000Z,113.7649212338,114.0345266648,110.7892357579,113.0958938599,34702400,0.0,0.0,MU,美光科技,"Micron Technology, Inc.",USD
2025-07-18T04:00:00.000Z,114.0744742359,114.633668026,113.115866105,114.2242584229,19349900,0.0,0.0,MU,美光科技,"Micron Technology, Inc.",USD
2025-07-21T04:00:00.000Z,113.4254198864,115.7520458618,112.5067546697,113.0659484863,22189800,0.0,0.0,MU,美光科技,"Micron Technology, Inc.",USD
2025-07-22T04:00:00.000Z,112.6964777125,112.836274257,107.9733276592,109.0617523193,27917600,0.0,0.0,MU,美光科技,"Micron Technology, Inc.",USD
2025-07-23T04:00:00.000Z,109.281441207,110.130208168,108.7222473779,109.6708755493,17810000,0.0,0.0,MU,美光科技,"Micron Technology, Inc.",USD
2025-07-24T04:00:00.000Z,110.8990802226,112.5666663118,110.0902562877,111.5681152344,20293100,0.0,0.0,MU,美光科技,"Micron Technology, Inc.",USD
2025-07-25T04:00:00.000Z,110.8291799774,111.338443151,108.6723136501,111.0987930298,16372300,0.0,0.0,MU,美光科技,"Micron Technology, Inc.",USD
2025-07-28T04:00:00.000Z,111.5581340342,111.8377271331,109.7008283134,111.0888137817,12932300,0.0,0.0,MU,美光科技,"Micron Technology, Inc.",USD
2025-07-29T04:00:00.000Z,111.8876564606,113.3754955018,110.5096510341,111.7977828979,16653300,0.0,0.0,MU,美光科技,"Micron Technology, Inc.",USD
2025-07-30T04:00:00.000Z,112.43685457,114.7235375486,112.2471350377,114.5737533569,16378800,0.0,0.0,MU,美光科技,"Micron Technology, Inc.",USD
2025-07-31T04:00:00.000Z,112.0274487892,112.1073270861,106.7850555871,108.9818649292,29224300,0.0,0.0,MU,美光科技,"Micron Technology, Inc.",USD
2025-08-01T04:00:00.000Z,105.3371594178,106.3456982195,103.2302158671,104.7280426025,24003300,0.0,0.0,MU,美光科技,"Micron Technology, Inc.",USD
2025-08-04T04:00:00.000Z,105.8663814468,107.7236870527,105.3071952836,107.6138458252,14780600,0.0,0.0,MU,美光科技,"Micron Technology, Inc.",USD
2025-08-05T04:00:00.000Z,109.1416429279,110.4796978021,106.6752203868,108.9019851685,17836000,0.0,0.0,MU,美光科技,"Micron Technology, Inc.",USD
2025-08-06T04:00:00.000Z,107.7436684949,108.8021302553,106.5953331713,108.6223907471,13021900,0.0,0.0,MU,美光科技,"Micron Technology, Inc.",USD
2025-08-07T04:00:00.000Z,113.9746239445,115.112971609,110.6294792244,111.7079162598,18986500,0.0,0.0,MU,美光科技,"Micron Technology, Inc.",USD
2025-08-08T04:00:00.000Z,112.0074781253,119.1571078538,111.5082025616,118.7177429199,28962200,0.0,0.0,MU,美光科技,"Micron Technology, Inc.",USD
2025-08-11T04:00:00.000Z,124.7889298181,127.0955803775,121.4737405338,123.5407409668,35065800,0.0,0.0,MU,美光科技,"Micron Technology, Inc.",USD
2025-08-12T04:00:00.000Z,124.5193193513,128.3637471881,122.8617284838,127.5649032593,25961200,0.0,0.0,MU,美光科技,"Micron Technology, Inc.",USD
2025-08-13T04:00:00.000Z,127.3951522826,128.4136786798,123.1712777405,124.0899429321,18438200,0.0,0.0,MU,美光科技,"Micron Technology, Inc.",USD
2025-08-14T04:00:00.000Z,123.0214838583,125.5578043889,121.2240965751,125.1084594727,12235900,0.0,0.0,MU,美光科技,"Micron Technology, Inc.",USD
2025-08-15T04:00:00.000Z,122.9915406487,123.2012354714,119.2669492063,120.6948776245,18986700,0.0,0.0,MU,美光科技,"Micron Technology, Inc.",USD
2025-08-18T04:00:00.000Z,121.1741700278,123.5007958341,120.4851749745,123.3709869385,12208800,0.0,0.0,MU,美光科技,"Micron Technology, Inc.",USD
2025-08-19T04:00:00.000Z,122.7618788451,124.0599907482,121.134235621,121.8731689453,11491200,0.0,0.0,MU,美光科技,"Micron Technology, Inc.",USD
2025-08-20T04:00:00.000Z,118.528015434,118.7377178743,113.2956096746,117.0401763916,25795000,0.0,0.0,MU,美光科技,"Micron Technology, Inc.",USD
2025-08-21T04:00:00.000Z,116.8304841322,117.5594298211,115.4424986481,115.6222381592,13174900,0.0,0.0,MU,美光科技,"Micron Technology, Inc.",USD
2025-08-22T04:00:00.000Z,117.4795432809,120.5251196904,116.3411955894,117.5094985962,17038300,0.0,0.0,MU,美光科技,"Micron Technology, Inc.",USD
2025-08-25T04:00:00.000Z,117.5094887211,117.9089106677,115.9317762223,116.2513122559,8674800,0.0,0.0,MU,美光科技,"Micron Technology, Inc.",USD
2025-08-26T04:00:00.000Z,115.9217900505,118.1885052455,115.6421969699,116.331199646,12584300,0.0,0.0,MU,美光科技,"Micron Technology, Inc.",USD
2025-08-27T04:00:00.000Z,116.68069397,118.557974905,116.2712919824,117.5793914795,15349300,0.0,0.0,MU,美光科技,"Micron Technology, Inc.",USD
2025-08-28T04:00:00.000Z,118.7077449401,122.392400717,118.5579683787,121.8232269287,17295500,0.0,0.0,MU,美光科技,"Micron Technology, Inc.",USD
2025-08-29T04:00:00.000Z,122.4223571727,122.5921090228,117.8889344928,118.837562561,16774000,0.0,0.0,MU,美光科技,"Micron Technology, Inc.",USD
2025-09-02T04:00:00.000Z,115.6921277996,118.3882126464,114.0844599644,118.3083343506,13771900,0.0,0.0,MU,美光科技,"Micron Technology, Inc.",USD
2025-09-03T04:00:00.000Z,119.187060992,119.2669469091,117.1300481451,118.5479888916,14101300,0.0,0.0,MU,美光科技,"Micron Technology, Inc.",USD
2025-09-04T04:00:00.000Z,118.6777948743,124.2297440848,118.348271188,124.0300292969,18589100,0.0,0.0,MU,美光科技,"Micron Technology, Inc.",USD
2025-09-05T04:00:00.000Z,127.5848744406,131.2196075601,125.4779385666,131.1796569824,28416000,0.0,0.0,MU,美光科技,"Micron Technology, Inc.",USD
2025-09-08T04:00:00.000Z,130.3608612665,132.0683752737,128.21396706,131.2695465088,19492600,0.0,0.0,MU,美光科技,"Micron Technology, Inc.",USD
2025-09-09T04:00:00.000Z,131.5690982979,137.8000631608,131.3693911088,135.0440673828,20705000,0.0,0.0,MU,美光科技,"Micron Technology, Inc.",USD
2025-09-10T04:00:00.000Z,139.8171402068,142.0339250409,138.1395663047,139.797164917,25791300,0.0,0.0,MU,美光科技,"Micron Technology, Inc.",USD
2025-09-11T04:00:00.000Z,147.5059606042,156.0335797676,147.3961193805,150.3518371582,52446400,0.0,0.0,MU,美光科技,"Micron Technology, Inc.",USD
2025-09-12T04:00:00.000Z,153.3275213469,158.0506636879,152.9880176365,157.0021820068,32288300,0.0,0.0,MU,美光科技,"Micron Technology, Inc.",USD
2025-09-15T04:00:00.000Z,156.732588395,160.1076807744,156.3231787845,157.5414123535,20101400,0.0,0.0,MU,美光科技,"Micron Technology, Inc.",USD
2025-09-16T04:00:00.000Z,157.7510950409,159.3288075726,156.9422711056,158.5898895264,16911600,0.0,0.0,MU,美光科技,"Micron Technology, Inc.",USD
2025-09-17T04:00:00.000Z,157.1819303356,160.3573154802,155.0350363556,159.7581939697,18843600,0.0,0.0,MU,美光科技,"Micron Technology, Inc.",USD
2025-09-18T04:00:00.000Z,162.7538488109,170.2030314631,162.3644144925,168.6452941895,28212800,0.0,0.0,MU,美光科技,"Micron Technology, Inc.",USD
2025-09-19T04:00:00.000Z,162.514207468,163.4628280587,159.1490948066,162.4942321777,37309900,0.0,0.0,MU,美光科技,"Micron Technology, Inc.",USD
2025-09-22T04:00:00.000Z,164.1418424615,167.0176594046,161.3558762281,164.3814849854,25851200,0.0,0.0,MU,美光科技,"Micron Technology, Inc.",USD
2025-09-23T04:00:00.000Z,165.4399462306,168.7451633162,164.9906012631,166.1688995361,43316500,0.0,0.0,MU,美光科技,"Micron Technology, Inc.",USD
2025-09-24T04:00:00.000Z,164.8408204,165.7594856002,158.0706450384,161.4757080078,57096400,0.0,0.0,MU,美光科技,"Micron Technology, Inc.",USD
2025-09-25T04:00:00.000Z,157.1619694254,158.7197068265,154.4259337102,156.6027832031,32209200,0.0,0.0,MU,美光科技,"Micron Technology, Inc.",USD
2025-09-26T04:00:00.000Z,158.290318342,158.6897326714,154.9551462207,157.0421295166,24045000,0.0,0.0,MU,美光科技,"Micron Technology, Inc.",USD
2025-09-29T04:00:00.000Z,159.7681781154,165.5597776194,159.738222801,163.6625213623,26506500,0.0,0.0,MU,美光科技,"Micron Technology, Inc.",USD
2025-09-30T04:00:00.000Z,163.8722199807,168.7052035993,163.7224434119,167.0775756836,20092500,0.0,0.0,MU,美光科技,"Micron Technology, Inc.",USD
2025-10-01T04:00:00.000Z,165.3600553919,182.1257203526,165.260194195,181.8860626221,41674800,0.0,0.0,MU,美光科技,"Micron Technology, Inc.",USD
2025-10-02T04:00:00.000Z,184.6920028245,185.9102210476,180.9474365104,183.4837493896,25122200,0.0,0.0,MU,美光科技,"Micron Technology, Inc.",USD
2025-10-03T04:00:00.000Z,185.0574708939,191.6920016927,184.7677011951,187.6753082275,29399300,0.115,0.0,MU,美光科技,"Micron Technology, Inc.",USD
2025-10-06T04:00:00.000Z,194.8493866473,200.8344588448,189.2739804379,190.802734375,36392300,0.0,0.0,MU,美光科技,"Micron Technology, Inc.",USD
2025-10-07T04:00:00.000Z,194.6895388684,195.1391652251,183.0890995855,185.5370788574,27828200,0.0,0.0,MU,美光科技,"Micron Technology, Inc.",USD
2025-10-08T04:00:00.000Z,188.8343582327,196.7877940455,188.6445122723,196.3781280518,26833900,0.0,0.0,MU,美光科技,"Micron Technology, Inc.",USD
2025-10-09T04:00:00.000Z,192.8110726329,196.4580604229,189.3439292782,192.1716003418,19721500,0.0,0.0,MU,美光科技,"Micron Technology, Inc.",USD
2025-10-10T04:00:00.000Z,192.8010839116,193.2806843123,179.4620729382,181.4504394531,26990300,0.0,0.0,MU,美光科技,"Micron Technology, Inc.",USD
2025-10-13T04:00:00.000Z,190.6328714489,193.2407226379,187.835189538,192.6112518311,20928400,0.0,0.0,MU,美光科技,"Micron Technology, Inc.",USD
2025-10-14T04:00:00.000Z,186.8060363267,192.3015068172,186.0966143368,186.9059448242,15912400,0.0,0.0,MU,美光科技,"Micron Technology, Inc.",USD
2025-10-15T04:00:00.000Z,192.3214699364,192.7211496457,187.2656397726,191.7819213867,17793100,0.0,0.0,MU,美光科技,"Micron Technology, Inc.",USD
2025-10-16T04:00:00.000Z,199.7953143455,206.1700492408,195.0392250503,202.3631896973,42041300,0.0,0.0,MU,美光科技,"Micron Technology, Inc.",USD
2025-10-17T04:00:00.000Z,199.1158800624,203.2224958473,195.3889562042,202.2133331299,23283100,0.0,0.0,MU,美光科技,"Micron Technology, Inc.",USD
2025-10-20T04:00:00.000Z,209.4873354802,214.5731398863,205.3307578424,206.5997161865,23268400,0.0,0.0,MU,美光科技,"Micron Technology, Inc.",USD
2025-10-21T04:00:00.000Z,204.1317522539,205.7004513559,200.6745950206,202.1233978271,13717300,0.0,0.0,MU,美光科技,"Micron Technology, Inc.",USD
2025-10-22T04:00:00.000Z,202.0834347921,205.4106941636,192.2415407692,198.3065490723,21949800,0.0,0.0,MU,美光科技,"Micron Technology, Inc.",USD
2025-10-23T04:00:00.000Z,196.5379986865,208.8278716968,195.0392340571,206.5397644043,19397900,0.0,0.0,MU,美光科技,"Micron Technology, Inc.",USD
2025-10-24T04:00:00.000Z,212.2150853914,219.6389743354,209.8070664902,218.839630127,25821800,0.0,0.0,MU,美光科技,"Micron Technology, Inc.",USD
2025-10-27T04:00:00.000Z,224.6248595798,224.79471775,215.5623369331,219.9187469482,23873100,0.0,0.0,MU,美光科技,"Micron Technology, Inc.",USD
2025-10-28T04:00:00.000Z,218.7496923544,222.716424071,217.3808255,221.7272491455,14957500,0.0,0.0,MU,美光科技,"Micron Technology, Inc.",USD
2025-10-29T04:00:00.000Z,228.8713507835,232.208596403,225.9137970864,226.443359375,23217300,0.0,0.0,MU,美光科技,"Micron Technology, Inc.",USD
2025-10-30T04:00:00.000Z,225.9137907571,227.2127078837,220.5582046286,223.8255004883,14795100,0.0,0.0,MU,美光科技,"Micron Technology, Inc.",USD
2025-10-31T04:00:00.000Z,227.5624264447,231.0595438654,218.6397884582,223.5857086182,16320000,0.0,0.0,MU,美光科技,"Micron Technology, Inc.",USD
2025-11-03T05:00:00.000Z,233.6873818864,237.424291874,231.6090931397,234.5066986084,21199300,0.0,0.0,MU,美光科技,"Micron Technology, Inc.",USD
2025-11-04T05:00:00.000Z,221.9570490403,228.4816698347,217.220947327,217.8504333496,23696200,0.0,0.0,MU,美光科技,"Micron Technology, Inc.",USD
2025-11-05T05:00:00.000Z,225.4841388128,239.6824423197,224.5449105472,237.304397583,28617400,0.0,0.0,MU,美光科技,"Micron Technology, Inc.",USD
2025-11-06T05:00:00.000Z,237.6441108449,246.2070598941,234.6865572446,238.1337127686,32016800,0.0,0.0,MU,美光科技,"Micron Technology, Inc.",USD
2025-11-07T05:00:00.000Z,233.8372642632,242.3502519185,226.2135430419,237.7240600586,30613800,0.0,0.0,MU,美光科技,"Micron Technology, Inc.",USD
2025-11-10T05:00:00.000Z,247.7557865767,256.8582841804,247.6059009692,253.0913848877,27870600,0.0,0.0,MU,美光科技,"Micron Technology, Inc.",USD
2025-11-11T05:00:00.000Z,248.1354795584,249.7841298727,238.5933412722,240.9114379883,22622500,0.0,0.0,MU,美光科技,"Micron Technology, Inc.",USD
2025-11-12T05:00:00.000Z,244.6982879639,248.9847631474,240.6416343237,244.6982879639,17263100,0.0,0.0,MU,美光科技,"Micron Technology, Inc.",USD
2025-11-13T05:00:00.000Z,243.3993847093,249.2945195542,229.9704510362,236.7548522949,32324600,0.0,0.0,MU,美光科技,"Micron Technology, Inc.",USD
2025-11-14T05:00:00.000Z,231.2593713015,254.9598363777,231.039551277,246.6267089844,36171100,0.0,0.0,MU,美光科技,"Micron Technology, Inc.",USD
2025-11-17T05:00:00.000Z,246.7166560346,260.365395243,239.2628079887,241.7507476807,30304400,0.0,0.0,MU,美光科技,"Micron Technology, Inc.",USD
2025-11-18T05:00:00.000Z,235.2860605394,238.7332161601,225.3342718738,228.3118133545,33843900,0.0,0.0,MU,美光科技,"Micron Technology, Inc.",USD
2025-11-19T05:00:00.000Z,226.7231379543,234.1570133793,216.1818230774,225.7339477539,35256600,0.0,0.0,MU,美光科技,"Micron Technology, Inc.",USD
2025-11-20T05:00:00.000Z,230.0503804531,230.4100845679,199.4356160833,201.2041473389,47420700,0.0,0.0,MU,美光科技,"Micron Technology, Inc.",USD
2025-11-21T05:00:00.000Z,204.3615461976,211.8253950641,192.4313776399,207.1992034912,36679700,0.0,0.0,MU,美光科技,"Micron Technology, Inc.",USD
2025-11-24T05:00:00.000Z,213.2342496829,225.9237875385,212.185111362,223.7455749512,33052800,0.0,0.0,MU,美光科技,"Micron Technology, Inc.",USD
2025-11-25T05:00:00.000Z,219.0394532312,226.0037140099,215.82210398,224.3450775146,17441600,0.0,0.0,MU,美光科技,"Micron Technology, Inc.",USD
2025-11-26T05:00:00.000Z,229.4308859738,233.637425434,225.8138721918,230.0703582764,17817600,0.0,0.0,MU,美光科技,"Micron Technology, Inc.",USD
2025-11-28T05:00:00.000Z,235.4259402238,237.9039086913,233.2777170464,236.2852325439,12914700,0.0,0.0,MU,美光科技,"Micron Technology, Inc.",USD
2025-12-01T05:00:00.000Z,232.098693059,242.1604073239,231.3093503643,240.2619781494,18238200,0.0,0.0,MU,美光科技,"Micron Technology, Inc.",USD
2025-12-02T05:00:00.000Z,238.5533743337,244.1687410309,234.1370163117,239.2927703857,18166200,0.0,0.0,MU,美光科技,"Micron Technology, Inc.",USD
2025-12-03T05:00:00.000Z,236.1953223185,237.6041647835,227.9021546671,233.9671630859,19188200,0.0,0.0,MU,美光科技,"Micron Technology, Inc.",USD
2025-12-04T05:00:00.000Z,230.0903484715,233.9671579221,223.1460752903,226.4633331299,23513900,0.0,0.0,MU,美光科技,"Micron Technology, Inc.",USD
2025-12-05T05:00:00.000Z,228.7614492855,240.3718902104,226.5033159566,237.0246429443,21161000,0.0,0.0,MU,美光科技,"Micron Technology, Inc.",USD
2025-12-08T05:00:00.000Z,243.2894764223,249.0247394199,241.4110198397,246.7166442871,20495400,0.0,0.0,MU,美光科技,"Micron Technology, Inc.",USD
2025-12-09T05:00:00.000Z,244.2886654409,255.2995793794,242.630028809,252.2121276855,17067100,0.0,0.0,MU,美光科技,"Micron Technology, Inc.",USD
2025-12-10T05:00:00.000Z,254.9198778231,264.5319498373,250.3736221893,263.4927978516,21960700,0.0,0.0,MU,美光科技,"Micron Technology, Inc.",USD
2025-12-11T05:00:00.000Z,261.3146103034,262.6335305081,251.3428338092,258.2471313477,18867000,0.0,0.0,MU,美光科技,"Micron Technology, Inc.",USD
2025-12-12T05:00:00.000Z,255.4594387106,255.6093243244,239.1229130563,240.94140625,25936900,0.0,0.0,MU,美光科技,"Micron Technology, Inc.",USD
2025-12-15T05:00:00.000Z,246.9064835014,249.904012734,235.8056329667,237.304397583,27483600,0.0,0.0,MU,美光科技,"Micron Technology, Inc.",USD
2025-12-16T05:00:00.000Z,235.6057955616,239.2028214141,230.3900935916,232.3184967041,22577300,0.0,0.0,MU,美光科技,"Micron Technology, Inc.",USD
2025-12-17T05:00:00.000Z,236.3651754457,237.2544418646,221.5074267096,225.334274292,41957100,0.0,0.0,MU,美光科技,"Micron Technology, Inc.",USD
2025-12-18T05:00:00.000Z,256.3187300926,263.4328614433,244.7982269969,248.3453063965,65006100,0.0,0.0,MU,美光科技,"Micron Technology, Inc.",USD
2025-12-19T05:00:00.000Z,251.5426753455,268.1589848559,251.5426753455,265.7010192871,62312100,0.0,0.0,MU,美光科技,"Micron Technology, Inc.",USD
2025-12-22T05:00:00.000Z,276.9217495124,279.7594069969,268.0690607221,276.3622131348,30961900,0.0,0.0,MU,美光科技,"Micron Technology, Inc.",USD
2025-12-23T05:00:00.000Z,275.692793088,281.6278734404,272.0957515922,276.0424804688,20767600,0.0,0.0,MU,美光科技,"Micron Technology, Inc.",USD
2025-12-24T05:00:00.000Z,277.7710344872,289.0617154186,277.0216521999,286.4438781738,18592600,0.0,0.0,MU,美光科技,"Micron Technology, Inc.",USD
2025-12-26T05:00:00.000Z,290.6004553551,290.6304294269,283.1865836746,284.5554504395,17878500,0.0,0.0,MU,美光科技,"Micron Technology, Inc.",USD
2025-12-29T05:00:00.000Z,280.2122853145,294.3763492239,278.3830670929,294.2463989258,26642900,0.115,0.0,MU,美光科技,"Micron Technology, Inc.",USD
2025-12-30T05:00:00.000Z,294.5762485898,298.7044885114,291.8873758546,292.5071105957,23056400,0.0,0.0,MU,美光科技,"Micron Technology, Inc.",USD
2025-12-31T05:00:00.000Z,293.0469125011,293.0469125011,284.0606666232,285.2901611328,17573800,0.0,0.0,MU,美光科技,"Micron Technology, Inc.",USD
2026-01-02T05:00:00.000Z,295.00607846,315.4674842347,294.7361723112,315.2875671387,42604300,0.0,0.0,MU,美光科技,"Micron Technology, Inc.",USD
2026-01-05T05:00:00.000Z,324.9934815276,325.3933074651,309.4200065476,312.0189208984,34608600,0.0,0.0,MU,美光科技,"Micron Technology, Inc.",USD
2026-01-06T05:00:00.000Z,318.146334639,344.4052913682,317.9264258095,343.2857666016,48732400,0.0,0.0,MU,美光科技,"Micron Technology, Inc.",USD
2026-01-07T05:00:00.000Z,340.5669262408,346.1545753214,337.0384097193,339.407409668,32781100,0.0,0.0,MU,美光科技,"Micron Technology, Inc.",USD
2026-01-08T05:00:00.000Z,342.7559961298,343.5156867361,321.2250331176,326.8826599121,33897700,0.0,0.0,MU,美光科技,"Micron Technology, Inc.",USD
2026-01-09T05:00:00.000Z,332.6102838951,345.6547922186,326.0530407687,344.945098877,33387500,0.0,0.0,MU,美光科技,"Micron Technology, Inc.",USD
2026-01-12T05:00:00.000Z,340.4069885458,348.3236763062,339.1775245542,345.7247619629,23152600,0.0,0.0,MU,美光科技,"Micron Technology, Inc.",USD
2026-01-13T05:00:00.000Z,346.124572322,351.0825113247,335.0792249909,337.9880065918,23881300,0.0,0.0,MU,美光科技,"Micron Technology, Inc.",USD
2026-01-14T05:00:00.000Z,334.6993865134,338.9576073672,328.0621907203,333.2100219727,20277200,0.0,0.0,MU,美光科技,"Micron Technology, Inc.",USD
2026-01-15T05:00:00.000Z,345.1849758605,347.6239536979,336.1287827694,336.4886474609,25370200,0.0,0.0,MU,美光科技,"Micron Technology, Inc.",USD
2026-01-16T05:00:00.000Z,352.9517447574,365.6563994795,351.8921922757,362.5976867676,47901900,0.0,0.0,MU,美光科技,"Micron Technology, Inc.",USD
2026-01-20T05:00:00.000Z,364.5268677658,381.3997849299,361.1982794164,364.8467407227,49744900,0.0,0.0,MU,美光科技,"Micron Technology, Inc.",USD
2026-01-21T05:00:00.000Z,372.6934427156,394.0344837414,366.5760174446,388.9465942383,56712800,0.0,0.0,MU,美光科技,"Micron Technology, Inc.",USD
2026-01-22T05:00:00.000Z,396.4734477149,397.6129531153,376.7617278072,397.4130249023,39607600,0.0,0.0,MU,美光科技,"Micron Technology, Inc.",USD
2026-01-23T05:00:00.000Z,396.9932330664,412.2568100921,390.5759154526,399.4821777344,35404200,0.0,0.0,MU,美光科技,"Micron Technology, Inc.",USD
2026-01-26T05:00:00.000Z,395.3339171248,397.8328672963,384.1386081548,388.9266052246,29193900,0.0,0.0,MU,美光科技,"Micron Technology, Inc.",USD
2026-01-27T05:00:00.000Z,404.4400778262,416.2751327093,399.4322024144,410.0677185059,36212100,0.0,0.0,MU,美光科技,"Micron Technology, Inc.",USD
2026-01-28T05:00:00.000Z,422.2626240538,438.7556958666,416.8249058157,435.0972290039,42725700,0.0,0.0,MU,美光科技,"Micron Technology, Inc.",USD
2026-01-29T05:00:00.000Z,439.185508522,444.5232626546,417.5246245977,435.6070251465,42675700,0.0,0.0,MU,美光科技,"Micron Technology, Inc.",USD
2026-01-30T05:00:00.000Z,446.2825104531,455.3087171716,406.959034567,414.7057800293,51022900,0.0,0.0,MU,美光科技,"Micron Technology, Inc.",USD
2026-02-02T05:00:00.000Z,412.0069129533,442.2442105861,409.8278356847,437.6161499023,37771200,0.0,0.0,MU,美光科技,"Micron Technology, Inc.",USD
2026-02-03T05:00:00.000Z,441.9743469106,442.1142722641,407.3588826786,419.263885498,42763300,0.0,0.0,MU,美光科技,"Micron Technology, Inc.",USD
2026-02-04T05:00:00.000Z,410.4175985804,412.8265903346,363.7472002496,379.2406921387,58074900,0.0,0.0,MU,美光科技,"Micron Technology, Inc.",USD
2026-02-05T05:00:00.000Z,369.4648002878,390.7658502747,365.8463251223,382.7292480469,38899500,0.0,0.0,MU,美光科技,"Micron Technology, Inc.",USD
2026-02-06T05:00:00.000Z,377.8112814329,396.4834298765,372.7134169594,394.5242614746,37196000,0.0,0.0,MU,美光科技,"Micron Technology, Inc.",USD
2026-02-09T05:00:00.000Z,380.53014117,391.6454667226,370.5243348583,383.3389587402,31009600,0.0,0.0,MU,美光科技,"Micron Technology, Inc.",USD
2026-02-10T05:00:00.000Z,375.8321013534,382.629264143,365.9062785637,373.0932617188,35433800,0.0,0.0,MU,美光科技,"Micron Technology, Inc.",USD
2026-02-11T05:00:00.000Z,395.2239899172,413.9860973905,386.4076861244,410.1676940918,48475000,0.0,0.0,MU,美光科技,"Micron Technology, Inc.",USD
2026-02-12T05:00:00.000Z,422.0726950611,438.5857472467,410.9873554695,413.7961730957,45639100,0.0,0.0,MU,美光科技,"Micron Technology, Inc.",USD
2026-02-13T05:00:00.000Z,405.0198675621,420.703281942,392.5450967968,411.4871520996,33807600,0.0,0.0,MU,美光科技,"Micron Technology, Inc.",USD
2026-02-17T05:00:00.000Z,400.7816436931,413.4862979183,395.1339918596,399.612121582,28549500,0.0,0.0,MU,美光科技,"Micron Technology, Inc.",USD
2026-02-18T05:00:00.000Z,399.3322490936,427.6703509688,394.4343127151,420.7732543945,32306600,0.0,0.0,MU,美光科技,"Micron Technology, Inc.",USD
2026-02-19T05:00:00.000Z,415.6353818204,420.1434976473,407.5687634245,417.1747436523,21651300,0.0,0.0,MU,美光科技,"Micron Technology, Inc.",USD
2026-02-20T05:00:00.000Z,415.0056382517,430.3891898789,414.9756520704,427.9902038574,29894900,0.0,0.0,MU,美光科技,"Micron Technology, Inc.",USD
2026-02-23T05:00:00.000Z,422.1326771055,431.5187490539,415.1256107182,420.7932434082,25426600,0.0,0.0,MU,美光科技,"Micron Technology, Inc.",USD
2026-02-24T05:00:00.000Z,429.0397566415,436.0867838966,411.1072878383,417.8344726562,33389200,0.0,0.0,MU,美光科技,"Micron Technology, Inc.",USD
2026-02-25T05:00:00.000Z,426.3209045339,436.7065562175,422.8223742505,428.8198547363,27296300,0.0,0.0,MU,美光科技,"Micron Technology, Inc.",USD
2026-02-26T05:00:00.000Z,424.6616000236,433.8177572708,401.791202778,415.3854980469,35433500,0.0,0.0,MU,美光科技,"Micron Technology, Inc.",USD
2026-02-27T05:00:00.000Z,401.6412750293,417.7844874424,401.0115346895,412.1968383789,28653900,0.0,0.0,MU,美光科技,"Micron Technology, Inc.",USD
2026-03-02T05:00:00.000Z,401.3014252611,417.4346322647,396.8333009795,412.4967346191,30049200,0.0,0.0,MU,美光科技,"Micron Technology, Inc.",USD
2026-03-03T05:00:00.000Z,386.3876793227,389.9262014534,374.3927180025,379.5205688477,39010900,0.0,0.0,MU,美光科技,"Micron Technology, Inc.",USD
2026-03-04T05:00:00.000Z,393.4747044571,407.708714569,387.4472074874,400.6016845703,32644900,0.0,0.0,MU,美光科技,"Micron Technology, Inc.",USD
2026-03-05T05:00:00.000Z,398.4326377362,404.3601404642,380.14030343,396.8832702637,29960100,0.0,0.0,MU,美光科技,"Micron Technology, Inc.",USD
2026-03-06T05:00:00.000Z,379.9803958112,391.0157382086,367.2957218366,370.1445007324,34458800,0.0,0.0,MU,美光科技,"Micron Technology, Inc.",USD
2026-03-09T04:00:00.000Z,363.8071579284,389.8362317925,357.5198211791,389.1565246582,35547200,0.0,0.0,MU,美光科技,"Micron Technology, Inc.",USD
2026-03-10T04:00:00.000Z,393.8445501809,415.1355933099,393.4747104386,402.9407043457,33745400,0.0,0.0,MU,美光科技,"Micron Technology, Inc.",USD
2026-03-11T04:00:00.000Z,410.5975029323,422.5724834023,405.619613603,418.5141906738,30191400,0.0,0.0,MU,美光科技,"Micron Technology, Inc.",USD
2026-03-12T04:00:00.000Z,409.8278201807,413.556264746,396.5034315466,405.1797790527,31720900,0.0,0.0,MU,美光科技,"Micron Technology, Inc.",USD
2026-03-13T04:00:00.000Z,413.5762735877,429.1697295206,412.8265884996,425.9510803223,39261000,0.0,0.0,MU,美光科技,"Micron Technology, Inc.",USD
2026-03-16T04:00:00.000Z,445.9726564892,454.6689849669,437.5661842741,441.6144714355,43067600,0.0,0.0,MU,美光科技,"Micron Technology, Inc.",USD
2026-03-17T04:00:00.000Z,452.3499727417,462.5356960802,444.9530863358,461.4961242676,43017900,0.0,0.0,MU,美光科技,"Micron Technology, Inc.",USD
2026-03-18T04:00:00.000Z,464.5648593101,471.1420829782,458.1075498691,461.5361328125,58973700,0.0,0.0,MU,美光科技,"Micron Technology, Inc.",USD
2026-03-19T04:00:00.000Z,424.7915515471,457.0280094101,420.933156542,444.0834350586,74591900,0.0,0.0,MU,美光科技,"Micron Technology, Inc.",USD
2026-03-20T04:00:00.000Z,443.7336050322,448.9114225546,415.1855697224,422.7224121094,64224900,0.0,0.0,MU,美光科技,"Micron Technology, Inc.",USD
2026-03-23T04:00:00.000Z,425.9710395633,444.0834255013,401.3513776258,404.1802062988,54807300,0.0,0.0,MU,美光科技,"Micron Technology, Inc.",USD
2026-03-24T04:00:00.000Z,401.111507787,404.8099664186,388.746706631,395.3639221191,44975100,0.0,0.0,MU,美光科技,"Micron Technology, Inc.",USD
2026-03-25T04:00:00.000Z,382.8391870019,388.7567147505,371.2240708567,381.9295654297,55328700,0.0,0.0,MU,美光科技,"Micron Technology, Inc.",USD
2026-03-26T04:00:00.000Z,369.8646136394,374.0928483987,349.8530312345,355.3107299805,54515900,0.0,0.0,MU,美光科技,"Micron Technology, Inc.",USD
2026-03-27T04:00:00.000Z,359.7088829463,368.5451979433,353.911330523,357.0700073242,45806700,0.0,0.0,MU,美光科技,"Micron Technology, Inc.",USD
2026-03-30T04:00:00.000Z,362.6600036621,362.8099975586,318.3999938965,321.799987793,73833200,0.15,0.0,MU,美光科技,"Micron Technology, Inc.",USD
2026-03-31T04:00:00.000Z,321.6700134277,337.8399963379,311.4899902344,337.8399963379,73551800,0.0,0.0,MU,美光科技,"Micron Technology, Inc.",USD
2026-04-01T04:00:00.000Z,348.9100036621,377.8900146484,343.0,367.8500061035,74429800,0.0,0.0,MU,美光科技,"Micron Technology, Inc.",USD
2026-04-02T04:00:00.000Z,341.3399963379,366.9400024414,340.200012207,366.2399902344,51498700,0.0,0.0,MU,美光科技,"Micron Technology, Inc.",USD
2026-04-06T04:00:00.000Z,373.799987793,385.0799865723,370.6099853516,377.7600097656,41414900,0.0,0.0,MU,美光科技,"Micron Technology, Inc.",USD
2026-04-07T04:00:00.000Z,374.1300048828,379.25,364.1000061035,377.5799865723,40224100,0.0,0.0,MU,美光科技,"Micron Technology, Inc.",USD
2026-04-08T04:00:00.000Z,415.1300048828,416.0,398.8800048828,406.7300109863,49216600,0.0,0.0,MU,美光科技,"Micron Technology, Inc.",USD
2026-04-09T04:00:00.000Z,407.6099853516,423.9400024414,398.4400024414,421.5100097656,43101000,0.0,0.0,MU,美光科技,"Micron Technology, Inc.",USD
2026-04-10T04:00:00.000Z,420.2900085449,423.8599853516,410.049987793,420.5899963379,36377600,0.0,0.0,MU,美光科技,"Micron Technology, Inc.",USD
2026-04-13T04:00:00.000Z,416.4700012207,426.8800048828,408.5,426.5599975586,37015800,0.0,0.0,MU,美光科技,"Micron Technology, Inc.",USD
2026-04-14T04:00:00.000Z,434.3500061035,465.7799987793,424.8599853516,465.6600036621,52534900,0.0,0.0,MU,美光科技,"Micron Technology, Inc.",USD
2026-04-15T04:00:00.000Z,457.6300048828,463.950012207,439.3200073242,456.2300109863,40370100,0.0,0.0,MU,美光科技,"Micron Technology, Inc.",USD
2026-04-16T04:00:00.000Z,452.9599914551,462.3399963379,444.3800048828,457.2300109863,33626400,0.0,0.0,MU,美光科技,"Micron Technology, Inc.",USD
2026-04-17T04:00:00.000Z,466.8500061035,470.9700012207,452.200012207,455.0700073242,33405000,0.0,0.0,MU,美光科技,"Micron Technology, Inc.",USD
2026-04-20T04:00:00.000Z,458.25,464.5599975586,435.8999938965,448.4200134277,32013600,0.0,0.0,MU,美光科技,"Micron Technology, Inc.",USD
2026-04-21T04:00:00.000Z,451.3200073242,457.8200073242,441.299987793,449.3800048828,27734000,0.0,0.0,MU,美光科技,"Micron Technology, Inc.",USD
2026-04-22T04:00:00.000Z,462.9299926758,491.9800109863,458.5599975586,487.4800109863,45998100,0.0,0.0,MU,美光科技,"Micron Technology, Inc.",USD
2026-04-23T04:00:00.000Z,482.2799987793,493.6199951172,471.799987793,481.7200012207,38178000,0.0,0.0,MU,美光科技,"Micron Technology, Inc.",USD
2026-04-24T04:00:00.000Z,495.9200134277,506.9899902344,489.3599853516,496.7200012207,35379600,0.0,0.0,MU,美光科技,"Micron Technology, Inc.",USD
2026-04-27T04:00:00.000Z,510.5599975586,531.3599853516,510.0199890137,524.5599975586,41298800,0.0,0.0,MU,美光科技,"Micron Technology, Inc.",USD
2026-04-28T04:00:00.000Z,503.5400085449,518.8300170898,488.2300109863,504.2900085449,44816600,0.0,0.0,MU,美光科技,"Micron Technology, Inc.",USD
2026-04-29T04:00:00.000Z,526.0,531.0200195312,508.799987793,518.4600219727,36248500,0.0,0.0,MU,美光科技,"Micron Technology, Inc.",USD
2026-04-30T04:00:00.000Z,529.7399902344,535.5,502.5799865723,517.1599731445,36554400,0.0,0.0,MU,美光科技,"Micron Technology, Inc.",USD
2026-05-01T04:00:00.000Z,511.7799987793,545.9099731445,510.2099914551,542.2100219727,40215300,0.0,0.0,MU,美光科技,"Micron Technology, Inc.",USD
2026-05-04T04:00:00.000Z,560.5999755859,592.799987793,557.7600097656,576.450012207,46043700,0.0,0.0,MU,美光科技,"Micron Technology, Inc.",USD
2026-05-05T04:00:00.000Z,609.7800292969,651.7399902344,605.4699707031,640.200012207,64268500,0.0,0.0,MU,美光科技,"Micron Technology, Inc.",USD
2026-05-06T04:00:00.000Z,660.3699951172,667.6699829102,627.5800170898,666.5900268555,55725800,0.0,0.0,MU,美光科技,"Micron Technology, Inc.",USD
2026-05-07T04:00:00.000Z,649.8300170898,683.0900268555,635.4199829102,646.6300048828,47527500,0.0,0.0,MU,美光科技,"Micron Technology, Inc.",USD
2026-05-08T04:00:00.000Z,676.450012207,747.2100219727,676.2100219727,746.8099975586,65130900,0.0,0.0,MU,美光科技,"Micron Technology, Inc.",USD
2026-05-11T04:00:00.000Z,792.9799804688,818.6699829102,768.0,795.3300170898,70972900,0.0,0.0,MU,美光科技,"Micron Technology, Inc.",USD
2026-05-12T04:00:00.000Z,774.700012207,782.7600097656,706.5999755859,766.5800170898,73743000,0.0,0.0,MU,美光科技,"Micron Technology, Inc.",USD
2026-05-13T04:00:00.000Z,813.1599731445,814.950012207,779.4699707031,803.6300048828,54875100,0.0,0.0,MU,美光科技,"Micron Technology, Inc.",USD
2026-05-14T04:00:00.000Z,787.6199951172,812.0,775.6300048828,776.0100097656,42142700,0.0,0.0,MU,美光科技,"Micron Technology, Inc.",USD
2026-05-15T04:00:00.000Z,732.5700073242,749.5900268555,719.0,724.6599731445,48519000,0.0,0.0,MU,美光科技,"Micron Technology, Inc.",USD
2026-05-18T04:00:00.000Z,750.4600219727,757.0,663.25,681.5399780273,60042500,0.0,0.0,MU,美光科技,"Micron Technology, Inc.",USD
2026-05-19T04:00:00.000Z,665.5800170898,725.950012207,652.2100219727,698.7399902344,61792100,0.0,0.0,MU,美光科技,"Micron Technology, Inc.",USD
2026-05-20T04:00:00.000Z,734.9600219727,735.6799926758,700.6599731445,731.9899902344,48827400,0.0,0.0,MU,美光科技,"Micron Technology, Inc.",USD
2026-05-21T04:00:00.000Z,736.3599853516,764.9000244141,732.200012207,762.0999755859,42461500,0.0,0.0,MU,美光科技,"Micron Technology, Inc.",USD
2026-05-22T04:00:00.000Z,756.8200073242,780.200012207,747.200012207,751.0,36002900,0.0,0.0,MU,美光科技,"Micron Technology, Inc.",USD
2026-05-26T04:00:00.000Z,820.5,916.799987793,820.299987793,895.8800048828,76560800,0.0,0.0,MU,美光科技,"Micron Technology, Inc.",USD
2026-05-27T04:00:00.000Z,955.6599731445,956.1599731445,888.1500244141,928.4099731445,72295700,0.0,0.0,MU,美光科技,"Micron Technology, Inc.",USD
2026-05-28T04:00:00.000Z,929.8300170898,949.4899902344,904.7800292969,923.5200195312,49694300,0.0,0.0,MU,美光科技,"Micron Technology, Inc.",USD
2026-05-29T04:00:00.000Z,957.0,981.0,940.5100097656,971.0,60498600,0.0,0.0,MU,美光科技,"Micron Technology, Inc.",USD
2026-06-01T04:00:00.000Z,1009.7199707031,1046.9699707031,1009.5,1035.5,46552100,0.0,0.0,MU,美光科技,"Micron Technology, Inc.",USD
2026-06-02T04:00:00.000Z,1050.0,1076.5600585938,1017.200012207,1064.0999755859,47555400,0.0,0.0,MU,美光科技,"Micron Technology, Inc.",USD
2026-06-03T04:00:00.000Z,1079.0100097656,1089.2900390625,1038.5,1079.5699462891,40324200,0.0,0.0,MU,美光科技,"Micron Technology, Inc.",USD
2026-06-04T04:00:00.000Z,1007.0999755859,1036.3699951172,971.6799926758,996.0,54917200,0.0,0.0,MU,美光科技,"Micron Technology, Inc.",USD
2026-06-05T04:00:00.000Z,944.4000244141,961.8900146484,864.0100097656,864.0100097656,77250500,0.0,0.0,MU,美光科技,"Micron Technology, Inc.",USD
2026-06-08T04:00:00.000Z,938.2700195312,962.950012207,916.5,949.2800292969,54097800,0.0,0.0,MU,美光科技,"Micron Technology, Inc.",USD
2026-06-09T04:00:00.000Z,988.1799926758,989.1500244141,854.3499755859,935.8900146484,73002600,0.0,0.0,MU,美光科技,"Micron Technology, Inc.",USD
